8/23/17 7:05,Eve Weather 943D,1
8/23/17 7:06,Eve Room 4A04,1
8/23/17 7:09,PLAYBULB,1
8/23/17 7:12,Instant Pot Smart,1
8/23/17 7:14,Eve Energy 556E,1
8/23/17 7:17,Eve Motion 31A7,1
8/23/17 7:19,Eve Motion 31A7,1
8/23/17 7:20,Eve Energy 556E,1
8/23/17 7:21,Gunbox,1
8/23/17 7:21,Instant Pot Smart,1
8/23/17 7:22,Eve Motion 31A7,1
8/23/17 7:22,Gunbox,1
8/23/17 7:23,Eve Room 4A04,1
8/23/17 7:24,Eve Motion 31A7,1
8/23/17 7:25,Eve Weather 943D,1
8/23/17 7:26,PLAYBULB,1
8/23/17 7:31,PLAYBULB,1
8/23/17 7:32,00000b67,1
8/23/17 7:33,BLELock,1
8/23/17 7:34,Eve Door 91B3,1
8/23/17 14:33,Eve Door 91B3,1
8/23/17 16:20,Eve Door 91B3,1
8/23/17 16:21,Eve Door 91B3,1
8/23/17 16:22,Eve Door 91B3,1
8/23/17 16:31,Eve Door 91B3,1
8/23/17 16:43,Eve Door 91B3,1
8/23/17 17:44,Eve Motion 31A7,1
8/23/17 17:46,Eve Motion 31A7,1
8/23/17 17:46,Eve Energy 556E,1
8/23/17 17:50,Gunbox,1
8/23/17 17:53,Eve Room 4A04,1
8/23/17 17:54,Eve Weather 943D,1
8/23/17 17:56,PLAYBULB,1
8/23/17 17:57,Instant Pot Smart,1
8/23/17 17:58,Eve Weather 943D,1
8/23/17 18:00,Eve Room 4A04,1
8/23/17 18:01,PLAYBULB,1
8/23/17 18:05,Instant Pot Smart,1
8/23/17 18:05,Eve Motion 31A7,1
8/23/17 18:06,Gunbox,1
8/23/17 18:06,Instant Pot Smart,1
8/23/17 18:06,Eve Motion 31A7,1
8/23/17 18:07,Eve Energy 556E,1