8/22/2017 5:58,Eve Motion 31A7,1
8/22/2017 5:59,Instant Pot Smart,1
8/22/2017 6:00,Eve Motion 31A7,1
8/22/2017 6:04,PLAYBULB,1
8/22/2017 6:06,Eve Energy 556E,1
8/22/2017 6:07,Eve Weather 943D,1
8/22/2017 6:09,Eve Room 4A04,1
8/22/2017 6:10,Eve Weather 943D,1
8/22/2017 6:14,Instant Pot Smart,1
8/22/2017 6:14,PLAYBULB,1
8/22/2017 6:15,Eve Energy 556E,1
8/22/2017 6:15,Gunbox,1
8/22/2017 6:18,Eve Motion 31A7,1
8/22/2017 6:19,Eve Room 4A04,1
8/22/2017 6:23,Eve Room 4A04,1
8/22/2017 6:23,Eve Motion 31A7,1
8/22/2017 6:24,Bike lock,1
8/22/2017 6:25,BLELock,1
8/22/2017 6:26,Eve Door 91B3,1
8/22/2017 14:17,Eve Room 4A04,1
8/22/2017 14:18,Eve Weather 943D,1
8/22/2017 16:18,Eve Weather 943D,1
8/22/2017 16:23,Eve Room 4A04,1
8/22/2017 16:24,Gunbox,1
8/22/2017 16:25,Instant Pot Smart,1
8/22/2017 16:27,Eve Motion 31A7,1
8/22/2017 16:35,PLAYBULB,1
8/22/2017 16:36,Eve Energy 556E,1
8/22/2017 16:40,Eve Motion 31A7,1
8/22/2017 16:40,Gunbox,1
8/22/2017 16:41,Eve Energy 556E,1
8/22/2017 16:41,Eve Room 4A04,1
8/22/2017 16:42,Eve Energy 556E,1
8/22/2017 16:42,PLAYBULB,1
8/22/2017 16:43,Instant Pot Smart,1
8/22/2017 16:43,Eve Weather 943D,1
