08/14/17 06:57 AM,Playbulb
08/14/17 06:57 AM,Switch 1
08/14/17 06:58 AM,Switch 2
08/14/17 06:59 AM,Switch 3
08/14/17 07:00 AM,Switch 4
08/14/17 07:01 AM,Mini
08/14/17 07:02 AM,Eve Energy
08/14/17 07:06 AM,Eve Weather
08/14/17 07:08 AM,Eve Motion
08/14/17 07:09 AM,Insight
08/14/17 07:11 AM,NetCam
08/14/17 07:14 AM,Plugable
08/14/17 07:15 AM,Eve Room
08/14/17 07:16 AM,Motion
08/14/17 07:16 AM,Switch 1
08/14/17 07:17 AM,Switch 2
08/14/17 07:17 AM,Switch 3
08/14/17 07:17 AM,Switch 4
08/14/17 07:17 AM,Mini
08/14/17 07:17 AM,Insight
08/14/17 07:20 AM,Playbulb
08/14/17 07:22 AM,Plugable
08/14/17 07:23 AM,Eve Energy
08/14/17 07:25 AM,Bike Lock
08/14/17 07:26 AM,Bio Lock
08/14/17 07:27 AM,Eve Door
08/14/17 07:31 AM,Leave
08/14/17 11:57 AM,Check on Eve Devices
08/14/17 11:57 AM,Eve Room
08/14/17 11:58 AM,Eve Weather
08/14/17 01:43 PM,Switch 1
08/14/17 03:01 PM,Arrive
08/14/17 03:12 PM,Bio Lock
08/14/17 03:13 PM,Eve Door
08/14/17 03:20 PM,Leave
08/14/17 03:24 PM,Arrive
08/14/17 03:30 PM,Leave
08/14/17 04:25 PM,Arrive
08/14/17 04:27 PM,Bio Lock
08/14/17 04:27 PM,Eve Door
08/14/17 04:32 PM,Playbulb
08/14/17 04:33 PM,Switch 1
08/14/17 04:34 PM,Switch 2
08/14/17 04:35 PM,Switch 3
08/14/17 04:36 PM,Switch 4
08/14/17 04:37 PM,Mini
08/14/17 04:38 PM,Energy
08/14/17 04:40 PM,Weather
08/14/17 04:41 PM,Eve Motion
08/14/17 04:43 PM,Insight
08/14/17 04:45 PM,NetCam
08/14/17 04:46 PM,Plugable
08/14/17 04:47 PM,Eve Room
08/14/17 04:48 PM,Motion
08/14/17 04:49 PM,Switch 1
08/14/17 04:49 PM,Switch 2
08/14/17 04:49 PM,Switch 3
08/14/17 04:49 PM,Switch 4
08/14/17 04:49 PM,Mini
08/14/17 04:49 PM,Insight
08/14/17 04:50 PM,Playbulb
08/14/17 04:51 PM,Plugable
08/14/17 04:52 PM,Eve Energy
08/14/17 04:55 PM,Instant Pot
08/14/17 04:57 PM,Gun Safe
