fb:9b:e1:54:40:ca,Eve Motion 31A7
48:7c:be:30:68:f1,BLELock
09:7c:be:30:60:31,BLELock
eb:6e:e4:83:20:67,Eve Energy 556E
fa:5b:ef:55:41:88,Eve Motion 31A7
ac:e6:4b:08:74:87,PLAYBULB
20:c3:8f:ec:a8:58,Instant Pot Smart
eb:6f:e4:03:a0:67,Eve Energy 556E
eb:6e:e4:03:a0:67,Eve Energy 556E
eb:6e:e4:03:a0:65,Eve Energy 556E
0c:7c:be:30:69:31,BLELock
0d:7c:be:30:69:31,BLELock
08:7c:be:30:69:31,BLELock
20:c3:0f:ec:29:dc,Instant Pot Smart
08:7c:be:30:69:35,BLELock
20:c9:f9:e8:29:dc,Instant Pot Smart
ab:6e:e4:03:a0:67,Eve Energy 556E
20:c3:8f:ec:29:dc,Instant Pot Smart
eb:66:e4:03:a0:67,Eve Energy 556E
fa:1b:ef:5d:c1:88,Eve Motion 31A7
20:c3:8f:ac:29:dc,Instant Pot Smart
da:68:f2:6f:ac:f2,Eve Room 4A04
eb:6e:fc:43:e0:67,Eve Energy 556E
ac:e6:4b:0a:70:81,PLAYBULB
20:c3:8f:ec:29:9c,Instant Pot Smart
20:c3:cc:cc:08:4c,Instant Pot Smart
e3:6e:e4:03:a0:67,Eve Energy 556E
eb:6e:e6:03:20:67,Eve Energy 556E
ac:e6:4b:0a:60:81,PLAYBULB
fa:1b:ed:55:41:c8,Eve Motion 31A7
fa:1b:6f:55:41:c8,Eve Motion 31A7
5c:31:3e:2f:32:7b,Gunbox
da:68:f2:6f:ac:76,Eve Room 4A04
da:68:f2:6f:ac:72,Eve Room 4A04
20:42:6f:f9:29:dc,Instant Pot Smart
fa:1b:ef:55:41:c8,Eve Motion 31A7
fa:1b:ef:55:41:c9,Eve Motion 31A7
fa:1b:eb:55:41:c8,Eve Motion 31A7
da:60:f2:6f:ac:72,Eve Room 4A04
20:c3:8f:e0:29:dc,Instant Pot Smart
08:7c:be:30:4d:31,BLELock
da:68:f2:6f:ae:72,Eve Room 4A04
eb:ee:e4:03:a0:67,Eve Energy 556E
fa:1b:ef:55:40:c8,Eve Motion 31A7
08:09:be:30:69:31,BLELock
20:83:cf:ec:29:dc,Instant Pot Smart
fa:1b:ef:6d:41:c8,Eve Motion 31A7
09:c8:bc:39:29:31,BLELock
fa:1b:ef:55:41:d8,Eve Motion 31A7
a9:ce:aa:59:29:dc,Instant Pot Smart
f0:3a:a6:b1:3d:f0,Eve Weather 943D
fa:1b:ef:55:61:c8,Eve Motion 31A7
20:c3:8f:ec:21:dc,Instant Pot Smart
ea:1b:ef:75:01:c8,Eve Motion 31A7
eb:6e:e4:07:20:67,Eve Energy 556E
eb:6e:c4:03:a0:67,Eve Energy 556E
fa:1b:ef:75:41:c8,Eve Motion 31A7
f6:1b:ef:55:41:88,Eve Motion 31A7
fa:1b:ef:51:40:c8,Eve Motion 31A7
fa:1b:ef:5d:41:88,Eve Motion 31A7
20:c3:8f:ec:28:dc,Instant Pot Smart
70:b3:d5:cf:3b:67,00000b67
ac:e6:4b:0a:74:91,PLAYBULB
ef:6e:e4:03:a0:67,Eve Energy 556E
fa:1b:ef:55:60:c8,Eve Motion 31A7
eb:6e:e4:03:a0:75,Eve Energy 556E
f0:da:a4:f1:3d:f0,Eve Weather 943D
eb:67:e4:03:a0:67,Eve Energy 556E
f0:3a:a4:b1:3d:f0,Eve Weather 943D
ea:1b:ef:55:41:c8,Eve Motion 31A7
20:7c:be:30:69:31,BLELock
fa:1b:ef:55:41:88,Eve Motion 31A7
fa:68:f2:6f:ac:72,Eve Room 4A04
09:7c:be:30:69:31,BLELock
6b:6e:e4:03:a0:67,Eve Energy 556E
eb:6e:f4:83:a0:67,Eve Energy 556E
ac:e6:4b:0a:74:85,PLAYBULB
ac:e6:4b:0a:74:81,PLAYBULB
49:7c:be:30:69:31,BLELock
eb:6e:e4:83:a0:67,Eve Energy 556E
20:c3:8f:ec:31:dc,Instant Pot Smart
22:c3:8f:ec:29:dc,Instant Pot Smart
08:7c:be:34:69:31,BLELock
eb:6e:e6:03:a0:67,Eve Energy 556E
ac:12:4b:0a:74:81,PLAYBULB
fa:5b:ef:55:41:c8,Eve Motion 31A7
ac:e6:4b:0a:64:81,PLAYBULB
eb:6e:e4:07:a0:67,Eve Energy 556E
00:c3:8f:ec:29:dc,Instant Pot Smart
20:d3:8f:ec:21:9c,Instant Pot Smart
08:78:be:38:65:31,BLELock
20:c3:82:22:ab:54,Instant Pot Smart
30:ab:89:99:39:dc,Instant Pot Smart
a9:e6:4b:0a:74:81,PLAYBULB
fa:1b:ef:5d:41:c8,Eve Motion 31A7
eb:6e:e0:03:a0:67,Eve Energy 556E
28:7c:be:30:69:31,BLELock
00:c3:8e:e4:29:dc,Instant Pot Smart
fa:5b:6f:55:40:c8,Eve Motion 31A7
da:68:f2:6f:ac:ee,Eve Room 4A04
eb:6e:e4:03:a0:77,Eve Energy 556E
fa:67:4f:5e:5c:ca,Eve Door 91B3
20:c3:8f:e4:29:dc,Instant Pot Smart
2c:6e:e4:03:a0:67,Eve Energy 556E
20:c3:8f:f4:25:dc,Instant Pot Smart
20:c3:8e:ec:29:dc,Instant Pot Smart
2c:e6:4b:0a:74:81,PLAYBULB
f0:3a:a5:b1:3d:f0,Eve Weather 943D
eb:6e:e4:83:a0:47,Eve Energy 556E
eb:6f:e4:07:a0:67,Eve Energy 556E
