20:c3:8e:ed:2b:dc,Inst\xe3nt P\xefv Qmart
ce:a8:d6:65:49:ea,Swrgg
20:c1:8f:ec:29:cc,Ins\xf4ant Pot Smart
4c:6c:9a:12:69:31,R]Qhggk
ef:6e:64:03:a0:67,M\xf6e2dogrfy#54>\xc5
d6:28:d6:75:48:2a,S\xads\xf7d
e7:ee:c6:83:90:2f,Eve Energy 556E
7a:67:4f:7e:5c:ca,Eve$Door 91C3
f2:67:4f:5e:5c:ca,E6\x91
f0:3a:a4:b0:3d:f8,Eve Weather 943D
28:7e:ae:b0:61:31,RM\xd
4e:28:d6:75:40:2a,Surge
e3:6f:e4:03:a0:67,Eve Enesgy \xb556A
f8:3a:a4:b1:3d:f0,Eve
20:c3:83:fa:29:dc,Insta\xet Tou Smart
eb:6e:e4:03:a0:66,Eve
eb:6e:e4:03:a0:67,Eve Energy 556E
c8:7c:be:30:69:31,BLELock
eb:6e:e4:03:a0:65,Eve Energy 556E
ed:6e:e5:03:e0:63,Mvg
28:c3:8f:ec:29:dc,"Instcnt0Po\,SlQVd"
20:c3:8f:c8:29:da,Inst\x1nt$Pot Sm\xe1pt
e2:67:4f:5e:5c:ca,Eve D
30:c3:8f:ec:29:dc,Instqnt Pot Smart
f8:db:01:6e:87:e6,Fle1\xb2g
fa:66:43:52:c4:40,Eve
eb:6c:e4:03:a0:67,Eve
20:c3:8f:ec:29:8c,Instant Pot Smart
20:43:8f:ee:29:dc,Ynspant Pot Smart
20:c3:8f:e4:69:dc,Instant0Pot Smart
ff:84:2f:d4:41:c8,Eve
20:c3:8f:cc:29:dc,Inst`ot P\x7ft0Sm!rt
20:c3:8f:ec:29:dc,Instant Pot Smart
08:7c:be:32:69:31,BLELock
ce:08:b6:f7:48:2a,Siqg\x19
20:c3:89:8c:6f:da,\xae\xe2\xfc\x9ac\xb\xbe\x95\x87\xb5K.\xe\x9d\xc1\x9f\xab
eb:6e:c4:83:a0:67,Eve
20:c3:9f:ec:c9:ac,"\xd9\x1f\xc3\xda\x85\xf0[\xf2,K\xe0\xf2L\xd8\xcawh"
6b:6e:e4:0e:a3:7f,\xc1w\x85\xa1YnmsGz 556E
fa:1f:eb:55:41:c8,Eve
eb:6e:e4:03:e0:67,Eve Enurgy 556E
ec:e6:4b:0a:74:81,PLAQBULB
eb:6e:e4:03:a0:6f,Eve E~Gwgy 556E
fa:5b:eb:55:40:88,Eve Motion 31A7
20:c3:8f:ac:29:dc,Instant Pot Smart
e0:5b:01:6e:97:e4,Flex 2
eb:ee:65:03:a0:67,Eve
08:7c:b4:3c:4a:44,BLELock
fa:19:ef:55:41:c8,Eve
6b:20:e4:42:60:67,Eve Energy 556E
54:60:19:21:22:21,\x6
eb:7e:e4:03:a0:67,Ete E\xeeer'x
20:c3:8f:ec:2b:bc,Hnql\x1\x9c\x94\x96\x90;y\xc4\x4ha\xf2t
08:7c:be:31:a8:31,BL`\x12\xbc\xa3j
20:c3:9f:cc:2d:cc,IoqDant Pov!QmarT
e2:5b:ee:d5:41:c8,Eve
ac:bc:32:66:5c:ef,\x1a
fa:67:0f:5e:5c:ca,Eve Door 91B3
20:e3:8f:ec:29:dc,Instant Tot Smart
21:04:9d:39:09:dc,Instant Pot Smart
ba:1b:ef:55:41:c8,Eve Motion 31A7
eb:6e:e1:07:a0:67,Eve
eb:2e:e4:03:a0:67,Eve Energy 556E
28:c3:9f:ec:29:dc,I?spa\xe|0Pog\xa0\x12M\xe1ru\x5\x12\x10\x80P\x1\x2\x1a
e3:6e:e4:03:a0:67,E~e E.ergy 556@
23:c3:af:ce:38:5c,Jnm<\x1nz Rov
eb:6e:e4:26:a0:67,Eve
96:72:be:50:69:31,BLELock
ac:e6:4b:0a:60:81,PLAYBULB
fb:6e:e4:23:a0:67,Eve Energy \x155>A
fa:67:4f:5e:7c:ca,Eve E\x7for 91B3
eb:6e:e4:03:a2:6f,Eve
cb:6e:e4:03:a4:67,Eve
fa:1b:ef:55:51:88,Eve
fa:67:4f:5e:5c:8a,Eve Door 91B3
fa:1b:eb:51:c1:c8,Ete
eb:6e:e4:06:e0:67,Mve
20:cd:8e:ec:29:dc,Instant Pot Smart
eb:62:e4:03:a0:e7,E\xf6e Energy#556A
da:67:4f:5e:5c:ca,Eve Door 91B3
fa:67:4f:5e:5c:da,Eve
eb:6e:e4:03:a0:63,"Uve\x10E|e\xf2gy""\x1556A"
eb:6e:e4:02:c0:47,Eve
fa:47:4f:5e:5c:ca,Evm
ca:67:4f:5e:5c:ca,Eve Door 91B3
eb:6e:e0:03:a0:27,Eve
fa:1b:ef:55:41:c0,Eve
f8:5b:01:6e:96:e6,Nlex 2
da:68:f2:6f:ac:52,Eve
cc:28:d6:75:48:2a,Surgu
0e:28:d6:75:00:2a,Surge
fa:1b:ef:55:41:c8,Eve Motion 31A7
ce:2c:d6:75:48:2b,Surge
da:68:f2:6f:ae:72,Eve Room 4A04
fe:67:4f:5e:5c:4a,Eve
fa:5f:4f:4e:5c:5a,Gve
fa:1b:ef:57:41:88,Eve
eb:6e:65:06:e0:67,Eve
fa:67:4f:4e:5c:ca,Eve
eb:6a:64:03:a0:67,Eve
dc:59:35:6d:e8:44,Eve 
fa:1b:eb:55:41:c8,Eve
da:60:f2:6f:ac:72,Eve
fa:1a:ef:d5:41:c8,Eve
f2:67:4e:5e:5c:ca,Eve
f8:5b:01:6e:97:e7,Blex 2
f0:3a:a4:a1:3d:d0,Eve
f8:5b:01:6e:97:e4,Flex!2
f8:5b:01:6e:97:e2,Flex 2
20:c3:8f:ea:29:ec,Instant Pot Smart
fa:28:f2:6f:ac:72,Eve Room 4A04
20:c3:8f:e0:29:dc,Ofs\xf4\x1\xfce T
28:3b:8f:ec:29:dc,In{t`n\xf6 @ol0Sgazt\x7
eb:66:c6:87:a0:67,Eve Energy \xb556E
54:60:09:21:0a:61,\x9f\xfe
3e:c3:8f:ec:49:fc,Inptg~d Pot Q-crt
f8:7b:00:4a:97:e6,Flex 2
f0:3a:a4:b1:3d:e0,Eve
da:6a:f2:6f:ac:72,Eve
20:c3:8b:ed:29:9c,Anst!nt Po4$S-e8x
46:60:19:21:2a:25,\xc6
63:3e:e4:03:a0:67,Eve
fa:1f:ef:55:41:c8,Eve!Motion 31A7
f0:3a:a4:f1:3d:f0,Eve
f0:3a:a6:b3:3d:70,Eve Weather 943D
7a:60:f2:6f:ac:72,Eve
ed:6e:e4:03:a0:67,Eve
fa:27:56:de:5c:ca,Eve
da:68:f2:7f:ac:72,Eve
08:7c:be:21:79:b9,BHELock
54:0d:de:a7:3c:2c,V\x95\xfdL\x2\xf\xa\x2\xe6
ee:1b:ad:c7:61:c8,Eve
36:1d:55:40:69:dc,Instant Pot Smart
08:7c:ae:20:69:30,BLELock
31:c3:df:ec:29:dc,Instan\xf0x\xba\xefd$Smart\x5\x12\x10
fa:1b:ef:55:61:c8,Eve
e3:6e:e4:06:a0:67,Eve Eodrgi 5:5E
30:c3:af:e6:29:dc,Ins0ant \xd0ot S\xeda
fa:1b:ef:75:41:c8,Eve
78:02:b7:3e:50:09,Sm`rt Bee
60:fb:9f:ce:28:dc,Instant Pot Smart
22:c3:8f:ec:28:dc,Instant Pot Smart
08:7c:bc:20:76:44,BLELock
de:68:f2:6f:ac:72,Eve Room 4A04
e3:67:e4:03:20:67,Eve
87:6e:64:03:a0:67,Eve
0c:cf:f7:ec:e9:dc,I
ce:28:d6:75:49:2a,Surge
f8:5b:01:6e:9f:e6,Flep 2
fb:6e:e4:01:a0:47,Evd EneZ'y 556E
e3:6e:ec:03:a0:67,Eve
da:68:f6:6f:ac:72,Eve
20:01:8f:ec:29:dc,Ins\x94\xaf\xb6\xeb\x94\xb8\xcd\x1\xdc\x96t
f8:5b:00:6e:97:e6,Flex 2
da:68:f2:6f:ac:8a,Eve
eb:6e:e5:03:a0:77,Eve
f0:ba:a4:b1:3d:d0,Eve
eb:6e:64:03:a0:67,Eve Energy 556E
f0:3a:a4:91:3d:f0,Eve
f0:3a:a0:b1:3b:f8,Eve
da:68:fc:2b:5c:44,Eve
a0:9b:8f:ec:29:dc,|\xc5\x81\xa2\xeb\x90\x9c
f0:3a:a8:b1:1d:f0,E6e Weather 943D
ac:66:4b:02:54:81,PLAYBULB
eb:6e:e6:03:a0:77,Eve
fb:6e:64:83:a0:67,Eve
20:83:8f:ed:29:dc,Inqtant P?5`U\x8dart
fd:98:a6:28:e0:27,Device Name: 
eb:6f:e4:07:a0:77,Eve
20:b3:8f:8c:29:9c,Ynstc.p P\xeb4DSm\xe9s\xf4
fa:1b:ef:55:40:e8,Eve
eb:6e:e4:03:a0:7b,Eve
eb:6e:a4:43:a0:67,Eve
08:78:be:30:69:31,BLELock
ef:6e:e4:03:a0:77,Eve Energy 556E
02:31:ef:f9:29:dc,Instant\xa0P\xa74lQiq\x92`
11:b0:70:82:29:dc,\x92\xf8\xe5\xc4`n\x14\x1aX`\xaa\xcc\x82\x2\x97U\xfd
20:da:0f:ec:39:dc,Instant Pot Smart
eb:6e:e5:07:a0:67,Evg
eb:6e:e4:03:a0:27,Eve
20:c2:0f:ec:29:dc,Instant Pot\xe0RMart
d2:68:f2:6f:ac:72,Eve
f0:3a:84:b1:3d:f0,Eve
a1:64:e4:03:a0:67,\x5\xf6c\xa0UferG\xf03\x9d\xf34p
fe:67:4f:5e:5c:cc,Eve
00:c3:8f:ec:29:cc,Ins\xf4`nt#Pnv!cmW\xf2\xb6
eb:6e:e5:03:e0:67,Eve
23:03:8f:ec:29:dc,Instant Pot Smart
40:c3:8f:ec:2d:dc,Instant.Po\xf4 Smart
fe:67:4f:5c:5c:ca,Eve Door 91B3
ce:28:d6:75:41:3a,Surwd
f8:5b:01:6f:9f:e7,Flex 2
20:c3:8f:ec:2a:fc,"Insta\f""Uov\xb8Smart"
3a:a7:8f:5e:dc:ca,Eve Door 91B3
ae:3c:3b:62:5e:e7,*\x7\x7fL
fe:67:6f:5e:5c:ca,Eve Door 91B3
eb:7a:e4:83:a0:67,Eve
eb:6f:64:03:a0:67,Evm
20:c3:97:44:39:cc,Instant Pot Smart
fa:1b:ef:55:c1:c8,Gve Motio.!31Eu
eb:2e:e4:03:e0:67,\xc5we(Energi 5\x156A\xec\xb\x9e\x1c\xb6\x16
ca:68:f2:6f:ac:72,Eve
7e:d1:c3:4d:6c:ed,:O\xef\\x11
fb:6e:64:03:a0:67,Ere
f8:5b:01:6e:97:a6,Flex 2
fa:1a:ef:55:51:c8,Eve
eb:6e:e2:03:e0:67,Eve Energy 556E
eb:6e:e4:03:b0:67,Eve
7a:1b:ef:55:41:c8,Eve
eb:6e:e0:02:a0:77,Eve
df:40:64:03:a0:67,\xc5P`\xbd'\xd7\xa4M\x84\xc1`0/\xc5
eb:6e:84:07:a0:67,Eve
21:93:8f:ec:29:dc,Instant Pot Smart
fa:9b:ef:4d:41:c8,Eve
4b:6e:c4:02:a0:67,Eve Energy 556E
f0:3a:a6:b1:3d:f0,Eve
20:c3:8f:ec:2f:dc,MnQpant\x10Po~ S\xdert
08:7c:ae:26:5f:f1,BLELock
d1:26:4f:d4:de:8a,Avehd\xffr3:7
7a:1b:6f:55:41:c8,Ove Motion 31A7
e1:6e:e6:83:a0:e7,Eve
08:7c:be:b0:69:20,bLDNoco
e3:6e:e4:02:a0:63,Eve
20:83:8f:ee:29:dc,)nst\x1nt Pot Smart
eb:6e:fa:83:a0:67,Eve Energy 556E
fb:6e:e4:06:e0:27,Eve
eb:6e:e3:07:a0:67,Eve
eb:ce:e4:03:a0:67,O\x6u\xb0\x19~\xa1Q\xa6\xd0fL\xbf>\xd9
5a:68:72:6f:ac:72,E6e Rnom 4A\x104
da:68:f2:4f:ac:72,Eve
20:c3:8f:e4:29:d8,Instant Pot Smart
28:1e:e4:03:a0:67,Eve
eb:6e:e4:83:a8:67,Eve
f0:3a:a4:b5:3d:f0,\x5ve \x17eathir 943D
08:3e:be:20:69:31,BLELock
f8:5b:01:66:97:a6,Flex 6
ac:e6:4b:0a:74:a1,PLAYBULB
58:cb:de:ec:29:dc,Instant Pot Smart
42:85:4c:cc:29:dc,\x8opt\x1\4n\x94hu
88:7c:be:30:69:31,B\x8c\x91
6a:c4:a4:b1:3d:f0,d\x2\xc6]\xf2\x4\xe9\xfcq\x96\x2\xd5\x4NpVR\x1b\xe3\x8cY
63:6e:64:03:a8:67,Eve
eb:7c:fe:83:a0:67,Eve
e3:6e:e4:03:a0:75,Eve Energy 556E
eb:2e:e4:0b:60:63,\xc3\xb7e %vergy 4}4E
54:60:09:21:0a:25,\x6
eb:2a:e0:43:a0:63,Eve
ce:28:d6:75:68:2a,Surgg
e3:6f:e6:83:a0:67,Eve
54:60:09:21:0a:21,\x6\x3\x3\x9f\xfe\x17\x16\x9f\xfe
20:83:8f:ec:2f:dc,Insten\x14 V\xft U\xdav4
fa:67:4f:5e:5c:8b,Eve
e3:7e:e4:03:a0:67,Eve
e9:6e:e4:03:a0:f5,Eve Energy 556E
eb:6e:e4:a6:a0:67,E\xd6e
2c:c3:8f:cc:29:dc,I\x9e9\xdd\xa2\x18`\xd3\x95\xcf\xd5\xaF\x87\xf5I\xd6
d0:c3:9f:e5:29:dc,InSpant Lod amart
20:c3:90:6c:29:d0,i\xeestant Pkt Smart
fb:6e:60:03:a0:65,Mvm
20:c3:8f:e4:29:dc,Instant Pot Smart
eb:7e:f4:03:a0:67,\xc5ve Energy 556E
eb:6e:e4:06:a1:67,MVe
f0:3a:e4:b1:3d:f8,Eve
eb:6a:e7:03:a0:67,Eve
22:c3:8f:ec:29:dc,Instant Pot Smart
fa:5b:ef:55:41:c8,gve Motion
eb:6e:e4:07:80:47,Evm
20:c3:53:e4:28:dc,I\xff6\x1d\x15x\xae\x11\xd7\xfc\xfb\x86N\xe5\xff\xe3\xf
eb:6b:c4:03:a0:67,Eve
da:7f:4f:5e:5c:ca,Eve
e8:5b:01:6e:97:e6,Flex 2
08:7c:be:20:69:31,BLELock
20:c3:8f:ec:2e:dc,Instant P/t Smart
08:7c:be:30:68:31,BLELock
2c:c3:8f:ec:29:dc,Instant Pot\xac3eart
fa:57:4e:5e:44:ca,EVe Eoor 91B3
ef:fe:20:03:a0:67,Eve Energy 556E
20:c3:4f:ec:29:dc,"Ins4\x7I,\x408f/\x1f\xbdo\xe55"
f8:59:01:6e:97:e6,Flex 2
eb:6e:e1:03:a0:67,Eve
e3:6e:e4:03:a0:e7,Eve
e3:6e:e6:03:a0:67,Eve
b8:7b:01:66:97:e6,Vlex 2
5a:68:f2:6f:ac:72,Eve
eb:6f:e4:03:a0:67,Eve Energy0516E
f0:3a:a5:b3:2c:f0,Eve
eb:6e:d4:03:a0:67,Eve
fa:db:01:6e:97:e6,\xc6lex 2
fb:6e:e4:03:e0:67,Eve
fa:1b:ff:55:41:c8,Eve
fa:67:4f:5e:5d:cb,Eve
fa:67:4f:5e:5d:ca,Eve
fa:67:4f:5e:5c:c8,EVe Door )1B3
fa:66:4f:5e:5c:ca,Eve Door 91B3
f8:53:01:6e:97:e6,Flex 2
50:38:54:f3:3d:b8,Eve U'%fJLzh7&\x11V
e3:66:fc:03:a0:67,Eve
d0:3a:a4:b1:3c:f0,Eve
5c:d1:c3:09:6c:bd,\x10
f8:5f:01:6e:97:f6,Fl\xe5h 2
20:c3:0f:ec:29:dc,"Instant Pot""Smart"
fa:1b:cb:55:41:c8,Eve
6f:6e:e4:02:a0:67,EV\xe5
e7:fc:c4:03:8a:67,Eve Energy 556E
ab:6e:e4:03:a0:67,Eve
eb:6e:e4:03:40:7f,Eve
20:c0:8e:6c:a0:5c,Instan\xf4\x2RS@ Smart
da:68:f0:6f:ae:72,Eve
28:c0:8c:ce:39:dc,\xe
f8:1b:ed:d1:61:c8,Eve
20:c3:8f:ec:29:d8,Instant Pot Smart
26:c3:8f:ed:e9:dc,InStanr Pot SmarT
ce:28:d6:75:c8:2a,Surge
f2:1b:ef:55:51:c8,Eve
fa:67:4d:5e:d0:8a,Eve
f8:5b:01:6e:1f:e6,Flaz 2
fa:5b:11:6e:97:e6,Flex 2
ef:e6:e4:22:a0:67,Eve
da:68:f2:6f:ac:f2,Eve Room 4A04
1d:80:be:a7:41:ad,BLELock
00:43:8f:fd:29:d4,I
2f:c3:be:6c:39:dc,Instant Pot Smart
eb:6e:e4:03:a0:57,Eve
fa:1b:ef:54:49:c8,\xe5we \xcdotiMn s0\x17
fb:6e:e4:03:a8:6f,Eve
20:d3:8f:f4:29:dc,Ins\x8e\xad\xb6-6\xef\x17y0\x1asTs!\xfe\xf0#y
ac:e6:4b:2a:74:81,PLAYBULB
20:c3:8f:ec:69:dc,Instant Pot Smart
eb:6e:e4:02:e0:67,Eve
fa:67:cf:7e:6c:ca,Eve
ac:e6:4b:0a:70:81,PLAYBULB
7d:d9:c3:4c:64:fd,Device Name: 
4d:d9:c3:0f:6c:ec,V\x2\xd\xc0(\x1\x6\xea^3\xd6\xf2\x14\xc6\xa9f\xad\xd6{
fa:67:4f:5e:cc:8a,Eve
fa:5b:ef:55:51:c8,Eve
9a:67:4f:5e:5c:ca,Ev\x5
f0:3e:a4:b1:3d:f8,E~e Weat\x14er )\xb4\xb3T
f8:5b:01:6a:97:e6,Flex 2
88:7c:be:30:a9:31,BLMLock
60:ce:4f:4c:29:dc,M.s4-nt P\xcfr0S/prt
fa:67:4f:5e:dc:ca,Eve Door 91B3
b7:d4:1d:ec:29:9c,Insta
eb:6e:e4:00:90:27,Eve
eb:6e:e4:24:a0:63,Eve
f0:3a:a8:b1:3d:f0,Eve
e5:6e:e7:02:a1:67,Mve
20:c0:8f:ce:29:dc,Instant Pot Smart
20:c3:8f:ec:29:5c,Hnstanu0Pot Smast
fa:1f:01:6e:97:e6,Flex 2
fa:1b:ef:55:41:cc,Eve
e3:ae:65:02:e0:47,Eve
eb:6e:e1:07:a0:77,Eve
e3:6f:e4:02:a0:e7,Eve
fa:1b:6f:55:41:c8,Eve
20:c3:9f:cc:39:dc,Instant Pot Smart
23:c3:8f:ec:29:dc,ojstcl\x14
f0:3e:a4:b3:3d:e0,Eve
cf:6d:e9:1f:38:da,Charge HR
f0:38:84:b1:3d:f0,Eve
f1:df:b8:c0:20:70,Eve Weather 943D
eb:6e:e6:02:a2:67,Eve
fa:77:4f:4e:5c:ca,Evm
6b:6e:e4:02:a0:67,Eve
eb:6e:de:e3:20:6f,Eve
f0:3e:a4:b5:7d:f0,Eve
74:67:4f:5e:dd:db,"A~d!@omz,{1B3"
fa:5f:01:6e:97:e4,Flex 2
08:78:be:30:6d:31,BLELock
8c:e6:4b:0a:64:85,PLAYBULB
eb:6e:f4:03:a0:f5,Eve Energy 556E
20:c3:8f:e8:0a:44,Instant Pot Smart
7c:d1:c3:0f:6c:ec,Device Name: 
cb:ea:e4:83:a0:67,Eve
08:7c:be:30:61:31,BLELock
2b:ad:04:03:a0:67,Ev\xebtEnergy 556E
e3:6e:e5:02:a0:67,Eve
ef:6e:e4:06:a0:63,Eve
ef:2e:e4:83:a1:67,Eve
ea:1b:eb:5d:41:88,E\x7fe$Motion 31A7
6b:6e:e0:0b:a0:67,Eve Energx 556\x5
ce:28:d6:75:48:2a,Surge
da:28:f2:6f:ac:72,Eve
b4:3e:a4:b1:3c:fa,Eve
f0:3b:a4:b9:1d:f0,Eve
20:c3:ff:ec:29:dc,\x89n{t\x5nt Pot Qmart
f0:7a:a4:b1:3d:f0,Eve
ac:e6:4b:0a:75:81,PLAYBULB
50:c3:cd:ec:29:dc,Instant Pot Smart
08:7c:be:30:65:31,BLEJogk
08:7c:be:30:69:b1,BLELock
df:e7:c7:49:f1:59,v\xc3\xadvosmart HR
fa:67:4f:5c:5f:ca,Eve Door ;1B3
fa:1e:ef:55:41:c8,Efe8Motion 31A7
eb:6c:b6:83:ac:52,Eve
eb:ee:e4:03:a0:67,Eve Energy 556E
f8:1b:01:6e:97:e6,Flex 2
fa:61:4f:5e:5c:ca,Eve\x80RI\xf3\x86\x9
fa:67:4f:5e:54:ca,Eve
bc:59:01:6e:97:e6,Flex`2
eb:6e:e4:03:60:67,Eve Energy 55\x6E
e3:6f:e4:07:20:67,Eve
48:5c:be:30:69:31,BLELock
ce:28:d6:75:48:6a,Surge
f0:3a:a4:b2:3d:f0,Gvu!Weedher2)43D
fa:1b:ef:75:40:88,Eve
20:c2:98:7a:de:9c,Instant Pot Smart
fa:1b:ef:d5:51:c8,Eve
70:3a:a4:b1:3d:f0,Eve
20:c3:8e:c4:29:d8,Instant Pot Smart
48:7c:be:32:69:31,BLELock
eb:6e:64:07:a0:67,GVe
69:6e:e4:03:a0:67,Eve
20:82:87:ec:29:dc,Instant Pot Smart
2f:7c:be:30:69:31,BLMHej{
08:7c:b6:30:69:31,BLELock
fe:65:53:5e:5c:ca,Eve
20:c3:8f:ec:29:cd,Instant Pot Smart
eb:6e:e4:02:a0:61,Eve
eb:6e:c4:03:a0:67,Eve Energy 556E
eb:6e:e4:02:a0:67,Eve Ener\xc5y 556E
6c:c3:cf:ec:29:dc,In3)\xadV\xb0\xa4\xdf\xbc\x82=\xc9]D\x99\xc8
f8:59:01:6e:97:e5,Flex 2
fa:27:4f:5e:68:ba,Eve
f8:59:01:6e:97:e7,Flex 2
fb:66:e4:03:a0:67,Eve E/\xa5{gi 556I
7a:67:4f:5e:5c:ca,Eve Door 91R3
fc:e6:4b:0a:74:81,PLAYBULB
f0:3a:a4:b1:2d:f0,\xc1ge(Weatp|\xf2 943D
da:68:f2:6f:ae:02,Eve Room 4A 4
fa:5b:01:6e:97:e6,Flex 2
eb:6e:e4:c3:ac:a7,Eve
e9:6d:ec:03:a0:67,Eve
fa:67:4f:5e:58:ca,Eve
8c:e6:4b:0a:74:81,PLAYBULB
ea:7e:e4:07:a0:67,Eve
70:b3:d5:cf:3b:67,00000b67
eb:6e:e4:03:a1:67,Eve Energy 556E
e3:6d:e4:03:a0:67,Eve Energy 556E
ac:e6:4b:0a:74:91,PLAYBULB
ed:30:ca:46:18:b3,Charge 2
eb:6e:e4:03:a1:63,Eve
fa:1f:ef:55:51:ca,Eve
da:68:f2:67:ac:72,Eve
20:c3:87:cc:39:c4,H\xeeqne~t6Pou\xa0Jkq\xf2t\x5\x12\x14
eb:6e:e5:27:a0:67,Eve
6b:6e:e4:03:a1:27,Eve
60:c3:8f:ec:29:d8,Instant Qot Smart
3a:1b:ef:55:41:c8,ene\x80M\x7f\xf4q9n4Ws\xc9\xf4
eb:67:e4:03:a0:67,Eve Energy 556E
f0:3a:a4:b1:3d:f2,Eve
eb:6e:e0:22:a0:77,Eve
f0:3a:a4:b1:3d:f0,Eve Weather 943D
f0:3a:a4:b1:3d:f1,Eve
f0:3a:a4:b1:3d:f6,Eve Weather 943D
eb:6e:e4:03:a0:77,Eve Energy 556E
f0:3a:a4:b1:3d:f4,Eve
fa:67:4f:1e:7c:ca,Eve
fa:1b:ef:55:41:88,Eve Motion 31A7
f0:3a:a4:b1:3d:f8,Eve Weather 943D
f0:3a:a4:b1:3d:f9,Eve
5f:ea:e9:50:30:b6,l\xfbc\x89y\xb3
eb:6f:60:49:71:27,Eve
98:d8:f6:8f:97:e4,Device Name: 
eb:6e:e4:02:21:67,Eve
eb:6e:a4:03:a0:67,Eve
60:d0:76:a8:74:3f,&'\xef\xc0\x13\x2\x3\x12
eb:6e:e1:a6:80:77,EVe
fa:1b:ed:01:57:3b,Eve
d7:d4:19:0c:59:f6,TICKR D38C
00:c0:8f:ec:29:dc,Instant Pot Smart\x5
fa:1b:ef:5d:40:c8,Eve Motion 31A7
eb:e5:6c:03:60:07,Eve
eb:6e:e5:07:e0:67,Eve
f8:58:85:6e:97:e6,\xc4le| 
5e:67:4f:1f:5d:ca,Eve
08:7c:bf:30:69:31,BLELock
fc:5b:81:6e:97:a6,FTex 2
fa:67:4f:5e:5c:ea,Eve
eb:6e:e6:83:a0:47,Eve
da:68:f2:e7:ae:72,Eve
f0:3a:a4:b1:1d:f0,Eve Weather 943D
fa:1b:eb:55:40:88,Eve Motion 31A7
f0:3a:a4:b1:3d:fa,Eve
eb:6e:e4:83:a0:67,Eve Energy 556E
02:65:22:30:69:31,E4\xc8
fa:67:4f:5e:4c:8a,Eve
ce:28:d6:45:dc:e8,Sur\xee\xc3
fa:19:ef:51:41:c8,Eve
eb:6e:e4:02:a0:27,Eve
fa:67:4f:5a:dc:ca,Eve
20:c0:8f:ec:29:dc,I
ca:67:57:5e:4c:ca,Eve
60:c3:8f:ec:29:dc,M~sve\x86v\x1PO~\xa0@ua\xb3t
f0:38:a4:b1:3d:f0,Ev\xe5
08:7c:be:34:69:31,BLELock
eb:2e:e4:07:a0:67,Eve
eb:6e:e6:03:a0:67,Eve Energy 556E
fa:1b:ef:55:40:d8,Eve Motion 31A7
08:7c:be:30:29:31,BLELock
fa:77:4d:56:5c:cb,Eve
60:c3:8f:cc:29:d8,Mnstant Pot Smert
eb:6e:e3:03:a0:67,Eve
f2:68:f2:6e:ac:72,Eve
66:d1:c3:cc:6c:9d,Device Name: 
fa:27:4f:5a:5c:ca,Eve
fa:1e:e7:55:41:c8,Eve
eb:6e:e4:23:a0:67,Eve
7b:67:4f:5e:5c:ca,Eve
70:ba:a4:b1:3d:f1,Eve
6b:6e:e4:43:a0:67,Mve eferey \x1156E
78:bd:bd:57:0b:97, \x1b\xffu
cf:6e:e4:03:a0:67,Mvt0Energy u56E
20:c3:0e:cc:29:dc,"Hvstan4""P\xcf~(Sm\xe1su"
f0:3a:a0:b5:3d:f0,Eve
e1:6e:e4:07:b0:67,E~e\xa0Energy 5:6G
e9:6e:e0:03:a0:67,Eve
7c:d1:c3:0d:6c:ec,PC\xefH
fa:67:4f:5a:cc:c2,Ete Do\x7fv`91B3
ab:7a:64:03:c2:67,Eve
f2:3a:a4:b1:2d:f0,Eve
cf:6e:e4:43:a0:67,Eve
0c:2c:bf:71:29:31,BLELock
20:83:8f:ec:29:dc,Inst`nu Pg| Smart
ef:6e:c4:43:a0:67,Eve
eb:6a:e4:03:a0:67,Eve Energy 556E
eb:6e:e5:03:e0:77,Eve
5a:68:f2:ef:ac:f2,Eve
eb:6e:e4:03:a0:e7,Eve Energy 556E
40:93:8f:ec:29:dc,inspanr Po\x15 S'A\x1aP 2\x10
ce:a8:d6:75:48:2a,Qurg%
eb:6e:e4:03:a0:e6,Eve Energy 4\x156E
eb:ee:e4:03:a0:77,Eve
eb:6e:60:82:a0:67,Eved\xc1\xeaerfy 556\xc5
fb:ee:f4:0b:a0:67,&\x12\xffX\x2\x86o!N\x13\x7f\xb9\xa3*\x7
eb:6e:e4:c3:a0:67,Dve
f8:5b:81:6e:97:e6,Flex 2
32:c9:8f:e9:29:dc,Instant Pot Smart
eb:6e:64:03:a0:77,Mve
fa:67:4f:5e:cc:ca,Eve Door 91B3
eb:6e:e4:0b:a0:67,Eve
fa:1b:ed:b0:41:c8,Eve
eb:6e:e5:21:92:67,Eve
fa:27:47:5e:5c:ca,Eve
c5:e2:76:40:5d:82,D3400_3514985
5c:d7:c1:0d:6c:ec,Device Name: 
fa:67:4d:d6:bc:c2,Eve
fa:6f:5e:5e:5c:ca,Eve
20:c3:8f:ec:28:dc,Instant Pot Smart
e9:6e:e4:0b:a0:67,Eve
f0:3a:bf:de:12:c0,Eve
ac:e6:49:0a:74:81,PLAYBULB
f8:5b:01:4e:97:e6,Flep 2
ef:ee:e4:03:a0:67,Eve Energy 556E
fa:1b:ef:54:41:c8,Eve
20:c3:af:ec:29:dc,\xc9.\xd3tafw Poe S\xadg2u
20:c3:8f:ce:29:dc,9nstant Pot Smart\x5\x12\x10
08:7c:9e:32:69:31,"""LELock"
ea:1b:ef:55:41:88,Eve Motion 31A7
5c:d1:c3:1d:6c:c8,Device Name: 
20:c3:8e:cc:28:5c,Instant Pot Smart
20:c3:8e:ec:29:dc,Instant Pot Smart
f0:3a:a5:b1:3d:f0,Eve
08:7e:be:30:69:31,BL\xc5Lock
f0:3a:d0:92:35:70,Eve
2e:c3:a9:cc:29:bc,Jjqt\x3\x8c\xf7$$\xefw\xa2sn&Ep
f0:3a:24:b1:3d:f0,Eve Weather 943D
fa:1b:ef:55:41:c9,Eve Motion 31A7
6b:6e:e5:03:a0:67,Eve
20:cf:4f:ec:29:dc,Ins\xc\xe7\xbf\xeb\x94\xb8\xcd\x1\xdc\x96t
da:68:f2:6e:a0:72,Eve
da:6c:f0:6f:ac:72,Eve
6b:6e:e4:06:f0:63,Eve
eb:9e:e4:43:86:57,Eve
28:c3:8e:dc:29:fc,i
da:68:f2:6e:b0:72,Eve
20:c3:9f:cc:29:dc,Instant \xd4\xcd~ Smart
eb:66:e4:03:a0:67,E\xf6'\xa4AfmrgP 4q>E
e3:6e:e5:02:e0:67,Efe
20:c3:8f:cc:29:de,I
fb:6e:e4:03:a0:67,Eve \x1n$rgi 5u6I
eb:6e:64:03:e0:77,Evg
f9:a9:96:59:41:c8,Eve
e3:6e:61:06:b1:55,Eve e\xee%\xfa\xc7k`5=7e
fa:1b:ef:d5:41:c8,Eve Motion 31A7
20:c2:8f:ae:28:ac,YfsTk\xft@PodX\xd3]\xe1s\xa4
6b:7c:f5:03:a0:e7,Device Name: 
eb:6e:e4:07:e0:67,Evg
0a:09:01:30:69:31,BL)+\co
20:a3:8f:ec:29:dc,Instant Pot Smart
eb:6e:e8:83:ac:67,Eve
0c:7c:be:30:69:31,BLELock
20:c3:9f:ec:29:dc,Instant Pot Sma\x98l
00:c3:bf:ec:29:dc,Inp\xc2\xf9nt\x10Pot R]arE5\x10\x10
e9:6e:e4:87:a0:67,Eve
fa:67:4f:5c:5c:ea,Eveqdoor 91B3
08:7c:be:30:69:31,BLELock
08:7c:be:30:69:30,BLELock
fa:6f:4f:7e:5c:ca,Eve
eb:66:ec:03:a0:67,Eve
08:7c:be:30:69:35,BLELock
e3:4f:64:03:a0:67,Eve
eb:6e:e4:83:20:67,Eve
f0:3a:a4:b1:3d:b0,Eve Weather 943D
00:cd:8f:ec:3b:d8,Ins\xb4`nt PO| \x13mert
ba:5f:05:6e:97:e6,Fleh 2
8b:6e:e4:03:a0:67,Eve(engrgy 556E
eb:6e:e4:83:20:e7,Eve
68:ad:bc:17:0a:97,[TV] UN55JU670D
f8:5b:01:7a:97:e6,Flex 2
34:69:fe:6f:ac:72,Eve
43:68:e4:0f:a1:66,Eve
20:c9:c9:cc:2f:d8,Instant Pot Smart
6f:6a:e4:03:a0:67,Eve
f0:be:a8:81:3d:f0,Device Name: 
f4:3a:a4:b1:3d:f0,Eve
f8:5b:01:6e:97:e6,Flex 2
cb:6e:e4:03:a0:67,Eve
48:7c:be:30:69:31,BLELock
f0:ba:a4:b1:3d:f0,Gve Weather 943D
e3:6e:e6:03:a0:76,Eve
7a:60:f2:6f:ac:f2,Eve Room 4A00
08:7c:be:30:69:3d,BLELock
08:7c:ae:34:69:31,BLELock
21:c3:8f:ec:29:dc,Insta\x1e\xedC}n\x17\xdd\xfe\x1b\xd2\x11E 3\xcc\x8bA\xa8\xbb<
20:c3:8f:ec:29:1c,Insta\xee\xf5\x1cx\xcet Smart
f8:5b:11:66:97:c6,Flex 2
ac:e6:4b:0a:7c:81,PLAYBULB
db:68:f2:6f:ac:72,Eve R/om 4A 4
20:c3:8e:ed:a9:dc,Instant Pot Smart
ce:28:d6:75:69:62,\xd3urge
f8:5b:01:6e:d7:e6,Flex 2
54:61:09:21:0c:25,\xe
eb:6e:e4:02:67:67,Eve
20:c3:8f:ef:59:de,Instant Pot Smart
c5:64:1a:fc:a5:46,Wahoo CADENCE 9A1D
fa:45:4f:5e:5c:ca,Eve
ac:bc:32:26:cc:eb,\x1e
f8:7b:81:6e:97:e6,FLex 2
70:3b:a4:b1:3d:f0,Eve
08:7c:fb:33:59:31,BLELock
60:83:8f:ec:29:dc,Ins\xf4ant Pot Smazt
7e:d1:43:0d:6c:fc,Device Name: 
ef:ae:e4:03:a0:67,Eve
da:68:f2:6f:ac:76,Eve\xa0Ro\x7fm 4A04
fa:1f:ef:d5:41:c8,Eve!\xd/tion 31A7
da:68:f2:6f:ac:73,Eve
da:68:f2:6f:ac:72,Eve Room 4A04
ce:69:cc:75:48:2a,Surge
7c:d1:c9:0d:6c:ed,RI\xac\
eb:6e:e4:c2:a0:67,Ave
d0:36:62:c8:bf:b6,R\x4\xdf
e3:6e:e4:0b:a0:e7,Eve
20:f3:8f:ec:29:dc,Instant Pot Smcrw
f0:ba:a4:b1:1d:f0,Ewt
7c:d2:9b:d0:ae:e5,I\x5\xf3L
eb:6e:e4:00:a0:67,Eve
eb:6e:e4:27:a0:27,Eve#AnerGy 556E
f8:67:4f:5e:5c:ca,Eve
4c:7c:be:30:49:b1,BLELock
30:8b:4b:6c:69:d0,Instant Pot Smart
20:c1:af:ef:29:dc,I\xb4<\xddM\x8c\xe4\xaXa\xa\x6\xc4-\xaeu\x15
eb:6e:e4:43:a0:67,Uwe0\x5ne\xf2gk 554E
eb:6e:e5:02:a0:67,Eve
20:c3:8f:ec:29:bc,Instant Pot Smart
20:c3:8b:e4:29:dc,Instant Pot Smart
fa:0c:07:5e:9b:a9,TICKR 5A36
d2:a9:f2:23:7e:ad,6\x81\xbc\xdb\x9\xec?\xe\xf2
20:c3:07:9c:3d:44,Insl\xb5S\xf4Z\xd0_t Smart
eb:7a:e4:03:a0:67,E6e Energx 55%E
eb:6e:e0:06:f0:67,Eve Enerei 45>E
f0:5b:01:6e:97:a6,FlE|\xa02
63:6e:e4:03:a0:67,Avg Unevgi!51wa
eb:2b:4c:03:a0:67,Eve
63:6e:e4:03:a0:65,Eve EnergY 556E
f0:3a:a4:b1:3d:30,Eve Weather 943D
6b:6e:e4:03:e0:67,Eve
fa:67:4f:14:1c:e8,"Gve Door,91B3"
20:c3:8f:ec:21:dc,"Instant""Pot Smart"
20:c3:8f:ec:09:dc,"Inst\x1nt""Pot Smart"
60:43:8f:ec:29:dc,Inst!nt Pot(Smart
7c:d1:c3:15:6c:ec,:\xb\xffX0\x9\x6\x2\xd\xc0\xa8\x3\xe\xea
fb:6e:e4:27:a0:67,Eve
eb:ee:e6:03:a0:47,Eve
08:7c:be:31:69:71,BLELock
da:68:d2:6f:ac:72,Eve
20:c3:8f:ec:a9:dc,Instant Pot Smart
0d:dc:fd:39:21:31,BLELock
eb:6e:f6:03:a0:67,Eve
eb:6e:e4:03:a0:47,E\xf6e
11:d1:df:ec:29:dc,Instant Pot Smart\x5
7e:d1:c9:8d:6c:ec,ZI\xeeL\x2\x9\x4\x2\xd
ef:ed:e4:04:3b:01,Eve
fa:1a:ef:55:41:c8,Eve
20:c3:86:e4:38:dc,Ynk\xf4a\xee\xf5!Po} \xd3d\x1k\xf4
6b:6e:e4:a3:a0:67,Eve
eb:6e:e1:81:20:67,Eve
f8:5b:01:6e:b7:e4,Flex 2
61:6e:e4:83:a0:67,Eve
eb:6e:e4:03:ac:67,Eve
fa:6a:b2:6a:ac:72,Eve
fa:66:4f:5e:5c:8a,Eve
da:68:f2:6f:ae:62,Eve
f8:5b:01:6e:b7:e6,FL\x16J
f6:67:4f:5e:5c:ca,Eve D/or 91B3
6b:6e:e4:03:a0:77,Eve
eb:6e:e5:06:a0:77,Eve Energy 556E
6b:6e:40:07:a0:6e,\x7ve Elergx 1-4E
cf:76:e4:03:a0:67,E\xf6e(Dnergy!156E
ac:e6:4b:0a:54:81,PLAYBULB
fa:66:4f:5e:dc:ca,Eve
eb:36:44:03:a0:67,Eve
fa:0b:ef:55:41:c8,Eve
4e:68:d6:75:48:2a,Surge
fa:1b:ef:51:41:c8,Eve Motion 31A7
fa:5b:6f:4d:41:c8,Eve
20:c2:8f:ec:29:dc,Instant pot Smart
06:c7:8f:ec:29:dc,Instant Pot Smavu
2b:6e:e0:02:a0:67,Ere
20:c3:8f:ed:28:5c,Instant T{4\x85\x8dQ4\x15\xcb
f2:61:0c:4b:20:f0,Eve
ef:6e:e4:03:a0:66,Eve
ef:6e:e4:03:a0:67,Eve Energy 556E
fe:67:4f:5e:5c:ca,"Eve Door""91B3"
20:c3:8d:ec:21:dc,Instant Pot Smart
08:7c:3e:30:69:31,BLELock
20:c3:9c:6c:29:dc,Instant Pot Smart
e3:66:e4:03:a0:67,Eve
30:c3:af:e4:29:dc,InW\xf1#nt Pot SmartE\x92\x10
eb:2e:e4:03:a0:77,Eve
fa:1b:ef:55:41:e8,\xed\x1d\xc3\xda\x85\xf0[v$u2\xe9\x9c\x7f\xd2
54:60:19:21:4a:03,\x6
00:03:4f:ec:29:dc,I\xaestant(P\xefx(Smart
20:c3:8f:ec:29:d4,Instpnt Po\x14 SMqrt
ea:1b:ef:55:41:c8,Eve Motion 31A7
6b:6e:e4:03:a4:67,Eve
20:c3:8b:ec:29:dc,Instant Pot Smart
fa:67:4f:de:5c:ca,Eve Door 91B3
eb:6e:c4:23:a0:67,Eve
eb:6e:e4:02:a0:77,Eve
e3:7e:24:83:ac:2f,Ev%
f0:3a:a4:a1:3d:f0,Eve Weather 943D
fa:ed:00:df:60:4a,Eve
6b:6e:e4:03:a0:67,Eve Enezgy 556E
fa:67:4f:5e:fc:8a,Eve
eb:6e:e4:03:a8:67,Eve
da:68:f2:6f:a4:76,Eve
5f:e8:e1:d4:b0:b6,Z\x7
f8:5f:01:6e:97:e2,Fdeh!2
eb:6e:e4:07:a0:77,Eve
e3:6e:a4:83:a0:75,Eve Efergyb556D
ac:e6:4b:0a:64:81,PLAYBULB
20:4d:8f:ec:29:dc,Ins\xb1so|@PoT \xd3ia\x13u
fa:66:4f:7e:5c:ca,Eve Door 91B3
eb:3e:42:03:a0:67,Eve Energy 556E
eb:6a:e4:83:a0:67,Eve Enurgy 556\xc5
20:c3:8f:ec:28:d4,Instant Pot Smart
eb:7e:e4:03:a1:67,Efe
20:c1:8f:ec:29:dc,Instant Pot Smart
ac:e6:4b:0a:74:81,PLAYBULB
20:c3:8f:ea:29:98,Iosta\xacr\xc0T\xef^\xa0Swart
fa:1b:ef:57:41:c8,Eve Motion 31A7
eb:6f:ec:03:a0:67,Ev%
da:68:f0:6f:ac:72,Eve Room 4A04
fa:67:4f:5c:5d:ca,Eve
20:c3:8f:ec:a9:dd,"\xc9!\xc3\xa2""\xd4\x97X\xdahwD\xc9\xdf\xbao\x6"
08:7c:be:30:21:31,BL\x5Lo\xc7k
ac:e6:4b:2a:64:85,PLAYBULB
f4:b0:c4:b1:3d:70,Eve
fa:1f:ef:57:41:c8,Eve
da:68:f2:6e:ac:72,Eve
eb:6e:fc:03:a0:67,Eve
eb:6e:e4:82:a4:67,Eve
ef:6e:e4:83:a0:67,Eve
fa:67:5f:5e:5c:ca,E\xf6e
fa:67:4f:5e:5e:ca,Eve Door 91B3
20:c1:8f:ea:29:dc,\xc9fqnam\xd4\xdV
f0:3a:a5:b3:3d:f0,Eve
f0:3a:a4:b1:3c:f0,Eve
8c:e6:4b:02:74:81,PLAYBPLB
ba:67:57:5a:18:8a,Eve
da:68:f2:6f:bc:72,Eve
48:78:be:30:69:31,BL\xc5Loco
eb:6f:e6:83:a0:67,Eve
f4:ba:a4:b1:2c:f0,Eve
eb:6e:e5:07:e0:77,Eve
ba:67:4f:5e:5c:4a,Eve
f0:ba:a4:b1:39:50,Eve
fa:67:4f:52:5c:ca,Eve
08:7c:b6:20:4d:31,BL\x5Lock
cd:6e:d4:03:a0:67,Eve
f8:1b:ef:55:41:c8,Eve
e7:6e:e4:83:a0:77,Eve
eb:6e:e7:83:a0:67,Eve
20:c3:8e:ec:69:dc,Anstant Qot Cma
fa:1b:ef:55:41:ca,Eve
60:e3:8f:cc:29:d0,"i\xa2s\xb4 nt Uor,Se\xa2j\xb5"
fa:67:47:5e:5c:ca,Eve
eb:ee:c4:03:a0:67,Eve Energy 556E
eb:6e:64:02:e0:67,Eve
fa:1b:ef:5d:41:c8,Eve Motion 31A7
eb:6e:e4:27:a0:67,Eve
eb:6e:e4:27:a0:63,G~\xe5
f0:3a:a4:b3:3d:f0,Eve
eb:6e:e4:03:a0:0f,Eve
7e:d1:c3:0d:6c:ec,BA\xfe\\x2\x9\x6\x2\xd
00:d3:8f:ec:29:dc,M
fa:1b:ab:da:45:c8,Eve
e9:6a:e6:81:a0:67,Eve
eb:6e:e0:07:e0:67,Evm
08:de:a8:22:20:31,BLELock
fa:1b:ef:15:41:c8,Eve
08:7c:be:31:69:31,BLELock
eb:6e:e4:03:af:37,Eve
f0:66:4f:5e:5c:ca,Eve Door 91B3
8c:19:b3:3f:ec:65,BLE\xcc\xe2\xe6h
41:83:9f:ee:49:dc,"ON\xe2Ta\xee\xb4""\x16o| Smaru"
20:c3:0f:ec:28:dc,Instant Pot Smart
eb:6e:b6:0a:b0:61,Eve Energy 556E
ba:67:4f:5e:5c:ca,Eve
fb:2e:f4:1b:a0:f7,U~%\xa1Ofo\x1beQ\x3%\xbb:a
23:c3:8f:ec:19:dc,\xc9nstaMtPTOr!S/`su
20:c3:8f:ee:29:dc,Instant Pot Smart
f0:ba:24:b1:3d:f0,Eve
08:3c:bf:30:69:31,HhELoco
20:c3:8f:ec:39:dc,Instaft Pot Smart
f0:3a:a4:b1:2d:f8,Eve
70:2a:a4:b1:3d:f0,Eve
ac:d0:71:25:6c:fc,9\xb
eb:6e:e4:07:b0:77,Eve
eb:6e:e4:01:a0:67,Eve Energy 556E
eb:6e:e4:02:50:a7,Eve Energy 556E
f0:3a:a4:b9:3d:f0,Eve
fa:67:4f:7e:dc:ca,Eve
02:f1:bf:ec:3a:e8,I\xa2U\x89\x8fo&%POd
f0:3a:a4:b9:3d:f4,Eve
7c:91:c1:8c:64:0e,JG\xf9Y
fa:67:4f:7e:5c:8a,Eve Door 91B3
fa:1b:e7:55:41:c8,Eve Motion 31A7
54:60:09:21:48:21,\x6
fa:67:4f:5a:38:ca,Eve
f2:1b:ef:55:c1:48,Eve
eb:7a:64:02:60:67,Eve
08:7c:be:33:69:31,BLeLoco
eb:7e:e0:83:a0:67,Eve
fa:67:4f:5a:d4:ca,Eve
f8:5b:11:6e:97:e6,Flex 2
e0:66:4f:5a:5d:9a,Eve D
20:c7:8f:ea:29:d8,"I6\xc3\xa2""\xd4\x97\x18R\x88T\xf9\xc8\xa20n\x6"
20:80:97:35:21:dc,Instant Pot Smart
da:68:f2:6f:ac:f6,Eve Room 4A04
f0:38:a4:b1:7d:f0,E0%
fa:27:4f:5e:5f:ca,Eve
f8:59:01:6e:9f:e6,Flex 2
eb:6e:e4:03:e0:77,Eve
51:1a:f2:6f:ac:72,Eve
10:c0:8f:ec:29:dc,\x9npta\t!Pot cm`ru
fa:67:4f:5e:3c:8a,Eve
f8:5b:01:6e:97:c6,Fle|!2
bf:59:19:00:b0:a2,Device Name: 
fa:65:4f:3e:5c:ca,Eve Door 91B3
f8:a1:a0:62:ef:ed,Forerunner 235
08:3c:be:30:69:31,BLELock
e7:6e:e4:03:a0:63,Eve
eb:6e:cc:42:a0:67,Eve
20:c3:8a:a4:29:dc,Instant Pot Smart
20:43:8f:ec:29:dc,Instant Pot Smart
08:58:b6:32:6d:31,BLELock
b8:5b:01:6e:97:e6,Flex 2
20:c3:0f:ec:2a:dc,Inqtant Po\xf4!Smart
20:c5:83:ec:25:dc,Instant Pot Smart
20:c3:9f:ee:39:dc,Instant Pot Smart
fa:67:4f:1e:5c:cb,Eve Door 91B3
e9:e7:4f:5e:5c:ca,Eve
eb:6f:44:33:a0:67,Eve
fa:67:4f:1e:5c:ca,Eve Door 91P3
eb:ee:e4:27:a0:67,Eve
2c:c3:43:ec:29:dc,Instant Pot Smart
22:83:8f:ec:29:dc,Instant Pot Smart
fa:63:4f:3a:5c:ca,Eve Dokr 91C3
20:83:8f:cc:29:dc,"inktC\d""P\xef~ W\x5\xc1\xf04"
bc:e6:4b:0a:74:81,PLAYBULB
78:bd:bc:17:0a:97,[TV] UN55JU670D
eb:6e:e4:03:e4:47,Eve
64:a3:8f:ec:29:dc,Inr6df6 \xd0~Ldq|\x1~\xf4\x88\x1a\xc
eb:6e:e4:03:20:67,E~e
eb:6e:e3:00:a0:67,Eve
fa:67:48:5e:5c:0a,E~d \x4oo\x12\xa1I1B3
26:c7:8f:cc:49:dc,Ivstant Pot Smart
20:c2:4f:ec:29:dc,Knstant Pot Smart
ef:4e:e4:03:a0:67,{vepEnGrgi %56E
20:c3:8f:ec:2d:dc,Instant Pol Smart
fa:67:4f:5a:9c:ca,Eve
20:c3:8f:ed:29:dc,Instant Pot Smart
2e:43:e9:cc:49:dc,Instant Pot Smart
da:68:f4:6f:ac:72,Eve
f9:5b:01:6e:97:e6,Flex 2
fa:67:6f:5e:5c:ca,Eve
6a:67:4f:5e:5c:ca,Lve\xa0Door 91b3
4c:d1:43:4d:68:ec,Device Name: 
31:c3:8f:ec:29:dc,Inst\x81L\xec\xb3P\xf6\xa4e=\xefG\xda\xf7
ea:6e:e4:03:a0:67,Eve Energy 556E
df:68:f2:6f:ac:72,Eve
ce:08:d6:75:48:2a,Surge
2c:c2:df:ec:29:dc,Instant Po\xfcq\xe3gart
fb:67:4f:7e:5c:ca,Ere Door 91B\xb3
20:c3:8f:ec:29:9c,Instant Pot Smart
ac:e6:49:06:70:81,PLAYBULB
20:c3:cf:9a:2f:dc,Insta\x8et Pot Smajt
fa:67:4f:5e:54:aa,Eve
eb:6e:e4:03:97:2f,Eve Energy 556E
2b:6e:e4:03:a0:67,Eve
f0:3a:a4:b0:3d:f0,Eve
eb:6e:e4:00:32:65,Eve
08:7c:be:30:69:20,BLELock
eb:6e:e4:06:b1:77,Eve
ab:ae:e4:03:a0:67,Dv%
ac:e6:4b:0a:30:81,PLAYBULB
cb:ee:d0:c3:a0:67,\x5WmP5dGdW\xd4\xe0A46\x95
f4:3a:a4:b1:bd:f0,Eve
f8:5b:01:6e:97:f6,Flex 2
e9:ec:e5:87:b3:6c,Eve
7c:91:a3:0f:4c:ad,\x9a
f8:5b:81:6e:97:e7,Flex 2
fa:67:4b:4e:5c:ca,Eve(\xc4oor 91B3
f0:3a:a4:b1:3d:70,Eve
e9:6e:e1:07:e4:67,Eve
5c:31:3e:2f:32:7b,Gunbox
7a:67:4b:7e:54:ca,Eve
eb:6e:c4:06:a0:67,Eve
fa:1b:ef:57:51:c8,Eve Motion 31A7
ae:e6:4b:0a:64:81,PLAYBULB
7a:67:4f:7e:dc:da,Eve Doo\xf2 91B3
f6:1b:ef:45:41:c8,Eve
20:c1:8f:ce:29:dc,Instant Pot Smart
a8:1e:e4:03:a0:67,Eve
f8:df:01:6a:97:e6,Flex 2
70:bd:bc:17:00:95,001bfe7500420c01272f78bdbc070a977a
08:7c:be:30:69:21,BLELock
ce:28:f6:75:48:2a,U\x5Z\xe7\xe5
69:6f:c4:07:a0:67,Eve
0f:97:f5:99:37:78,\xa
f8:5b:00:6e:97:e7,Flex 2
e9:6e:e1:03:a0:67,Eve
fa:1b:eb:55:41:c9,Eve
eb:6e:e4:c3:44:67,Eve
eb:66:e4:07:20:67,"E\xfee Energy""556E"
e9:6e:e4:03:a0:67,Eve Energy 556E
da:68:72:6f:ac:76,Eve
e9:6e:e4:03:a0:65,Eve
e0:3a:a4:b1:3d:f0,Eve VeatH\xe5s 963D
e9:6e:e4:03:e0:67,Eve
eb:6a:6c:83:a0:6f,Eve
fa:1b:ef:55:40:c8,E\x7fe Motion 31A7
eb:6e:e5:23:a0:67,Eve
20:c3:8f:cc:69:dc,Instant Pot Smart
ee:2c:d6:75:48:2a,Sur
f0:1a:a4:b1:1d:f0,Evf
d0:3a:a4:b1:3d:f0,Eve
da:69:41:3f:ac:72,Eve
fa:65:4f:5e:5c:ca,Eve)Door 91B3
eb:6e:e5:03:a0:67,Eve
01:b7:98:e6:74:06,kv\x94\xb\x1e\x9dJ\x8dJ\xf9\xf3
fa:1b:59:3f:41:c8,Eve M\xed\xf1p7\x8b\x8m\xb2\x14\xfc
fa:67:47:5e:5c:4a,]fe
20:c3:86:d5:29:dc,\xc9\xe\xe7p!\xeef(\x81\xef(\x8\xa1l\xea~\xf2
fa:1b:ef:45:41:c8,Eve Motion 31A7
f2:3a:a4:b1:3d:f0,Eve Weatler 943D
f0:3a:a0:b1:3d:f0,Eve Weather 943D
f8:79:91:4e:97:e6,"FLex""1"
7c:d1:c9:4d:68:ec,\x18
eb:62:e4:03:a0:67,Eve Energy 556E
cf:7e:84:03:a0:67,Eve
7c:d1:c3:0d:20:ec,\x1e
f8:db:01:6e:97:e6,Fl
eb:2e:c4:07:a0:67,Eve
eb:6e:e0:13:ce:66,Eve Energy 556E
eb:6e:64:02:a0:67,Eve
ef:4f:a4:03:a0:67,E
eb:66:e4:02:a0:67,Eve
fa:1b:e7:57:51:c8,Eve
eb:2e:e5:03:a0:67,Eve Energy 556E
eb:6e:e0:03:a1:67,Eve
f0:1a:a4:b1:3d:f0,Eve
6b:6e:e4:26:a0:67,Eve
30:d3:8e:ec:2b:dc,Instant Pot Smart
fa:67:4f:5a:5c:ca,Eve Door 91B3
eb:6e:e1:06:60:77,Evg
fb:63:4f:7e:5c:ca,Eve
fb:6e:c4:03:a0:67,Eve Enezgy 556E
26:c5:89:ec:29:dc,Instant Pot Smart
eb:6e:e4:42:20:67,Eve
ac:e6:cb:0a:74:81,PLAABULB
08:6c:be:b1:69:31,BLULock
d2:68:fa:6f:ac:f2,Eve
e9:6e:e4:02:e0:67,Eve
20:c3:8f:ec:29:e5,Instant Pot Smart
f2:1b:ef:55:41:c8,Ave M\xeftion \x131A7
db:68:f2:6b:ac:f2,Eve
da:68:f2:a1:5c:74,Eve
eb:66:e4:07:a0:67,Eve
20:c3:8f:e2:2d:bc,Instant Pot Smart
fb:67:4f:5e:5c:ca,Eve Door 91B3
eb:6e:e4:23:ac:c3,Eve Energy 556E
7c:d1:cb:0d:6c:ec,Device Name: 
e3:a2:38:aa:e3:ec,Wahoo SPEED EF9E
eb:6e:e4:06:a0:67,Eve
eb:6e:e4:03:a4:67,Eve
20:d3:8f:ec:29:dc,ijstant Pot Smart
f0:3a:a4:b9:d1:2c,Evm\xa2[\x4ethdr 94S\x15
6d:50:db:0d:64:ac,Device Name: 
20:c3:a7:c6:4c:02,Instant Pot Smart
fa:67:4e:de:5c:ca,Eve
fa:67:4e:5e:5c:ca,Eve
fa:68:f2:6f:ac:72,Eve Poom 4A04
6b:6e:e4:07:a0:67,Eve
fa:1b:ef:55:51:8a,Eve
e3:a2:38:2a:eb:ec,Wahoo SPEED EF9E
ac:bc:3a:67:7c:ef,^\x7
20:c3:8e:ec:a9:dc,Instant Pot Smart
eb:6e:e0:02:a0:67,Eve
e9:6e:e4:02:a0:67,Mve
eb:6e:e7:03:a0:67,Eve
ac:66:4b:0a:74:81,PLAYBULB
fa:27:4f:5e:5c:ca,Eve Dgor 91B3
fa:67:4f:7e:5c:ca,Eve Door 91B3
c6:17:82:1f:ac:72,Eve
eb:6e:e4:87:a0:67,Eve
eb:7f:e4:03:a0:67,Ev/ \xc5\xeeosgy 756A
20:c5:8f:ec:29:dc,I\xestent \xd0ot Smart
eb:6e:e4:3b:a0:67,Eve
c6:28:d6:75:48:2a,Surge
2f:c3:8f:ec:e9:d8,IfcLi_t P/%&Smart
fa:67:4f:58:5c:ca,Eve
fa:e7:4f:5e:5c:ca,\xc5we Door 91B3
e1:6e:e4:03:a0:67,Eve
eb:6e:e4:03:ac:27,Eve
48:7c:be:30:61:31,BHELop\xeb
ef:7e:e4:03:a0:67,Eve
fa:67:4f:5a:5c:8a,EvE`Toor ;1B3
af:56:64:0b:a0:67,%vs \x84ngbf\xfb\xa0~51\x15
fc:d1:c2:0d:64:ec,Device Name: 
09:7c:be:30:69:31,BL\x5Lock
fb:6e:e4:03:60:67,Mvf
7a:64:4f:1a:d4:ea,ereyD\xefod\xd0Z\xbdA\xb3
eb:6e:e6:83:a0:67,Eve
eb:6e:e4:03:e1:67,Eve
fa:67:4f:5e:5c:c9,Eve
fa:67:4f:5e:5c:c2,Eve
fa:1b:ef:55:51:c8,Eve Motion 31A7
5a:62:f2:6f:ac:72,Eve Room 4A04
4b:6e:e4:03:a0:67,U\xbe\xb5d\xe6\x1fg\xf2fq0$=:[
eb:6e:e4:07:a0:67,Eve
f8:5b:01:7e:97:e6,Flex 2
eb:ee:e4:83:a0:67,Eve
00:c3:8f:ec:29:dc,"instant Tot""Smapt"
da:28:f2:6b:ac:fc,Gve Room`4\x104
20:c3:8f:e0:6d:d8,"I\xb2\xc3""\x93<\x2.L\xb3\xb7\xf8\xdd3\x93B3"
08:7c:be:31:29:31,BLELock
21:c0:8e:99:29:dc,Instaj\xf5bW/| Sa\xa1R4
20:cb:8f:ec:29:dc,Instant Pot Smart
20:c3:8e:cc:19:dc,Instant Pot Smart
a0:c3:8f:ec:29:dc,Instant\xa0\x91ot Smart\x5
fa:67:4f:5c:5c:ca,Eve Dmov 91B3
ed:6e:e4:0b:a0:67,Eve
f8:e6:55:5c:fc:ca,I\xb0l\xe8}no\x92\xd1\xa6\xaeB3
e9:6e:e4:07:a0:67,Eve
22:93:8f:ec:29:dc,znSpgnp\xa0P\xe3~\xa0C\xfda
f9:6f:c4:43:a0:67,Eve
eb:6e:e4:06:80:67,Eve Ener\xe7y 556E
eb:6e:e4:07:a0:6f,Eve
f0:3a:a4:b1:39:f8,Eve
eb:6e:e0:23:a0:67,Eve
ea:67:4f:5e:5c:ca,Eve
fa:5b:ef:7d:60:c8,Eve Motion 31A7
78:f0:76:5c:d5:ed,6\x7\xe6E 
eb:6e:e0:03:a0:67,Ete1Aoezgy 556E
fe:e8:4f:5e:5c:ca,Eve
20:c3:8f:60:29:dc,Instant Pot Smart
29:c3:9f:e0:69:dc,I\x7fspa.\xf41Poe$Rmarw
ce:28:d6:75:40:2a,Swrge
7a:68:f2:6f:ac:72,Eve Room 4A04
7c:d1:c1:0d:6c:ec,j\xb
e9:6c:e6:03:a0:67,F\x16\xffL\x1
eb:6e:ec:02:a0:67,Eve
20:83:ef:ec:29:dc,Instant Pot Smart
fa:67:4f:5e:5c:cb,Eve
64:84:49:05:44:64,>\x6
fa:67:4f:5e:5c:ca,Eve Door 91B3
ac:bc:30:6e:5c:8f,\x1a
08:7e:be:20:69:31,BLELock
f6:3a:a4:b1:3d:f0,Eve@W%e|h%rp943D
fb:6e:e4:e3:a0:67,efe
ee:37:e4:03:a0:67,Eve
20:44:de:ec:29:dc,Instant Pot\xea\x83\xc0\xf0rt\x5
ae:e6:cb:4a:74:81,PLAYBULB
2c:e6:4b:0a:74:81,TB\x83
ea:6d:e4:03:a0:67,"DvehEne""gy"
eb:6e:e4:83:a0:47,E\xf6e
fa:67:4f:5c:5c:c8,Eve
6b:31:fe:30:69:31,"BLE\x8c""k\xef"
eb:6c:e4:83:a0:67,E\xff\xf5&\xddnd\xf2fx 556E
23:5e:e4:03:a0:67,Eve
20:c3:8f:ee:3a:dc,Instant Pow Smart
fa:65:b0:64:8b:0a,Eve
ef:6f:e4:03:a0:67,Eve
f8:5f:01:6e:97:e6,Flex 2
